{"eloquent":{"time":78.812265396119,"memory":657.3546875},"fuel":{"time":22.980213165283,"memory":378.0078125},"phalcon":{"time":6.4730882644653,"memory":145.0078125}}