{"eloquent":{"time":78.899216651917,"memory":657.3546875},"fuel":{"time":25.311779975891,"memory":378.0078125},"phalcon":{"time":6.985068321228,"memory":145.0078125}}