{"doctrine":{"time":139.43076133728,"memory":1310.03296875},"eloquent":{"time":42.953028678894,"memory":673.749765625},"yii1":{"time":24.613993167877,"memory":808.422109375},"fuel":{"time":13.229532241821,"memory":389.7265625},"yii2":{"time":9.0863060951233,"memory":835.7659375},"phalcon":{"time":7.7045917510986,"memory":150}}