{"doctrine":{"time":109.80803251266,"memory":1310.059375},"propel2":{"time":51.321368217468,"memory":1144.6025},"eloquent":{"time":34.45707321167,"memory":673.79640625},"yii1":{"time":17.837519645691,"memory":808.47640625},"fuel":{"time":11.739654541016,"memory":389.7190625},"yii2":{"time":9.0861129760742,"memory":835.820703125},"phalcon":{"time":7.2453856468201,"memory":150.0546875}}