{"eloquent":{"time":69.567227363586,"memory":657.3546875},"fuel":{"time":22.457361221314,"memory":378.0078125},"phalcon":{"time":6.3767433166504,"memory":141.0859375}}